{"min": [-0.300059, -0.91982, -0.30256], "max": [0.28893, 0.926013, 0.345796]}