{"min": [-0.142551, -0.93603, -0.356379], "max": [0.144679, 0.734654, 0.39498]}