{"min": [-0.514096, -0.289066, -0.429384], "max": [0.516986, 0.509438, 0.957418]}