{"min": [-0.652908, -0.200553, -0.54613], "max": [0.666182, 0.594287, 0.763625]}