{"min": [-0.997142, -0.047867, -0.183025], "max": [0.499413, 0.047534, 0.337353]}