{"min": [-0.77264, -0.614671, -0.35706], "max": [0.815651, 0.616741, 0.151647]}