{"min": [-0.423639, -0.235211, -0.319918], "max": [0.49849, 0.448369, 0.925439]}