{"min": [-0.882303, -0.544257, -0.211638], "max": [0.905107, 0.620244, 0.193898]}