{"min": [-0.50511, -0.749007, -0.510718], "max": [0.506637, 0.713349, 0.502858]}