{"min": [-0.814483, -0.517509, -0.136801], "max": [0.806193, 0.616964, 0.244535]}