{"min": [-0.934781, -0.991658, -0.058595], "max": [0.993789, 0.936912, 0.043845]}