{"min": [-0.5528, -0.767336, -0.472533], "max": [0.537815, 0.788394, 0.484026]}