{"min": [-0.811067, -0.665136, -0.420914], "max": [0.793559, 0.621079, 0.842535]}