{"min": [-0.504021, -0.689229, -0.514415], "max": [0.479075, 0.70584, 0.525299]}