{"min": [-0.723945, -0.892843, -0.686006], "max": [0.674027, 1.000537, 0.711966]}