{"min": [-0.68183, -0.483696, -0.610868], "max": [0.662212, 0.60493, 0.695191]}