{"min": [-0.814018, -0.489184, -0.50561], "max": [0.547405, 0.355479, 0.743181]}