{"min": [-0.315727, -0.944777, -0.368651], "max": [0.30646, 0.869866, 0.367627]}