{"min": [-0.934194, -0.813233, -0.033902], "max": [0.912452, 0.843298, 0.063382]}