{"min": [-0.514024, -0.61438, -0.57654], "max": [0.487109, 0.627799, 0.703452]}