{"min": [-0.346844, -0.487674, -0.827717], "max": [0.350967, 0.565157, 0.712041]}