{"min": [-0.412425, -0.779956, -0.43064], "max": [0.444289, 1.02131, 0.426074]}