{"min": [-1.003787, -0.066632, -0.275362], "max": [0.51083, 0.073498, 0.271778]}