{"min": [-0.52121, -0.723473, -0.489614], "max": [0.470301, 0.992162, 0.501897]}