{"min": [-0.580093, -0.701883, -0.493624], "max": [0.598413, 0.653399, 0.508106]}