{"min": [-0.638763, -0.251016, -0.419218], "max": [0.678637, 0.673357, 0.752755]}