{"min": [-0.128028, -0.600568, -0.380062], "max": [0.13017, 0.710637, 0.860232]}