{"min": [-0.713281, -0.693354, -0.530344], "max": [0.714934, 0.683854, 0.260275]}