{"min": [-0.116653, -0.748584, -0.530006], "max": [0.117141, 0.936912, 0.354368]}