{"min": [-0.960649, -0.056962, -0.30844], "max": [0.947777, 0.046688, 0.389511]}