{"min": [-0.514985, -0.386011, -0.395685], "max": [0.528474, 0.8096, 0.938352]}