{"min": [-0.299385, -0.498122, -0.386397], "max": [0.295653, 0.507429, 0.912756]}