{"min": [-0.624288, -0.550581, -0.605404], "max": [0.657866, 0.535091, 0.67675]}