{"min": [-0.979088, -0.984151, -0.036329], "max": [1.01372, 0.990642, 0.06679]}