{"min": [-0.755304, -0.72885, -0.336436], "max": [0.764181, 0.658947, 0.4169]}