{"min": [-0.314876, -0.89726, -0.339668], "max": [0.319486, 0.787661, 0.359407]}