{"min": [-0.724866, -0.541584, -0.153206], "max": [0.746061, 0.741002, 0.156462]}