{"min": [-0.53172, -0.808298, -0.488461], "max": [0.50725, 0.839976, 0.524999]}