{"min": [-0.417064, -0.776024, -0.650917], "max": [0.403355, 0.575403, 0.517062]}