{"min": [-0.978529, -0.02639, -0.29277], "max": [0.984212, 0.031325, 0.303347]}