{"min": [-0.916451, -0.041106, -0.340363], "max": [0.944697, 0.056787, 0.402195]}