{"min": [-0.413654, -0.771344, -0.409395], "max": [0.402179, 0.837179, 0.470085]}