{"min": [-0.774207, -0.529885, -0.399741], "max": [0.819987, 0.590133, 0.258924]}