{"min": [-0.986349, -0.99008, -0.18985], "max": [0.999693, 0.994839, 0.143878]}