{"min": [-0.869307, -0.546871, -0.294698], "max": [0.943393, 0.514853, 0.299817]}