{"min": [-1.000422, -0.97719, -0.061723], "max": [0.95578, 0.979012, 0.056678]}