{"min": [-0.18275, -0.361219, -0.638176], "max": [0.186108, 0.500361, 0.872791]}