{"min": [-0.476267, -0.713267, -0.569946], "max": [0.491998, 0.706178, 0.585888]}