{"min": [-0.489153, -0.685916, -0.516697], "max": [0.500972, 0.696133, 0.586879]}