{"min": [-1.023247, -0.034783, -0.590232], "max": [0.588056, 0.034516, 0.594587]}