{"min": [-0.237999, -0.495024, -0.928153], "max": [0.240692, 0.334767, 0.300262]}