{"min": [-0.157747, -0.987798, -0.41684], "max": [0.169214, 0.31577, 0.341511]}