{"min": [-1.003865, -0.022547, -0.387349], "max": [0.61409, 0.020212, 0.392713]}