{"min": [-0.574383, -0.833741, -0.094576], "max": [0.572509, 0.846355, 0.204003]}