{"min": [-0.990554, -0.98731, -0.032008], "max": [0.996296, 1.001381, 0.064065]}