{"min": [-0.196535, -0.422055, -0.616099], "max": [0.190571, 0.669081, 0.767612]}