{"min": [-1.012889, -0.994414, -0.078777], "max": [0.96337, 0.987287, 0.074474]}