{"min": [-0.797922, -0.713449, -0.291163], "max": [0.814925, 0.62487, 0.119898]}