{"min": [-0.411182, -0.805469, -0.587647], "max": [0.407398, 0.77596, 0.526985]}