{"min": [-0.728932, -0.197724, -0.593843], "max": [0.713292, 0.590148, 0.747118]}