{"min": [-1.00604, -0.02251, -0.343421], "max": [0.469078, 0.021655, 0.328945]}