{"min": [-0.978123, -0.045891, -0.494959], "max": [0.809096, 0.045652, 0.430206]}