{"min": [-0.875972, -0.031273, -0.405054], "max": [0.934625, 0.045078, 0.380265]}