{"min": [-0.527453, -0.820611, -0.20699], "max": [0.520321, 0.840064, 0.229243]}