{"min": [-0.316294, -0.906997, -0.341603], "max": [0.329658, 0.901668, 0.325881]}