{"min": [-0.497174, -0.90792, -0.351187], "max": [0.508534, 0.765328, 0.4225]}