{"min": [-0.292779, -0.925953, -0.352685], "max": [0.284196, 0.835488, 0.39952]}