{"min": [-0.427036, -0.971017, -0.247787], "max": [0.424941, 0.604369, 0.225276]}