{"min": [-0.47515, -0.971376, -0.480115], "max": [0.487728, 0.918627, 0.482763]}