{"min": [-0.251552, -0.616214, -0.73009], "max": [0.244837, 0.647332, 0.913422]}