{"min": [-0.428548, -0.930373, -0.062152], "max": [0.459089, 0.889282, 0.075777]}