{"min": [-0.963095, -0.075972, -0.36184], "max": [0.984521, 0.073129, 0.35478]}