{"min": [-0.484692, -0.800886, -0.529884], "max": [0.456506, 0.767778, 0.492717]}