{"min": [-0.427457, -0.922985, -0.092337], "max": [0.433252, 0.893191, 0.095597]}