{"min": [-0.906413, -1.002429, -0.25539], "max": [0.899826, 0.882368, 0.15172]}