{"min": [-0.287434, -0.924754, -0.286676], "max": [0.291509, 0.778021, 0.283753]}