{"min": [-0.625826, -0.545475, -0.755882], "max": [0.618825, 0.672602, 0.536314]}