{"min": [-0.840141, -1.043452, -0.036822], "max": [0.851799, 0.986454, 0.099801]}