{"min": [-0.957789, -0.036469, -0.274242], "max": [0.89783, 0.055116, 0.310744]}