{"min": [-0.998959, -0.457023, -0.434573], "max": [0.972037, 0.212431, 0.429891]}