{"min": [-0.259862, -0.902394, -0.454051], "max": [0.3109, 0.906064, 0.808694]}