{"min": [-0.65283, -0.705955, -0.639651], "max": [0.640795, 1.003211, 0.653974]}