{"min": [-0.459923, -0.631998, -0.540238], "max": [0.427379, 0.541046, 0.92539]}