{"min": [-0.152581, -0.373365, -0.423213], "max": [0.148797, 0.722187, 0.739174]}