{"min": [-1.001508, -0.134014, -0.280075], "max": [0.862994, 0.080362, 0.306182]}