{"min": [-0.910905, -0.063174, -0.343321], "max": [0.946998, 0.078794, 0.355691]}