{"min": [-0.581864, -0.70549, -0.410899], "max": [0.567982, 0.81246, 0.475729]}