{"min": [-0.946511, -0.465386, -0.183132], "max": [0.924595, 0.435643, 0.247839]}