{"min": [-0.679718, -0.196337, -0.628554], "max": [0.651506, 0.603149, 0.745988]}