{"min": [-0.45507, -0.755152, -0.485281], "max": [0.477424, 0.763223, 0.544666]}