{"min": [-0.527519, -0.817124, -0.435636], "max": [0.565211, 0.812002, 0.625771]}