{"min": [-0.131732, -1.003656, -0.195705], "max": [0.112987, 0.663531, 0.247473]}