{"min": [-0.483133, -0.778154, -0.56092], "max": [0.537045, 0.73681, 0.586309]}