{"min": [-0.952868, -0.946765, -0.110096], "max": [0.990264, 0.996367, 0.053799]}