{"min": [-0.997469, -0.046705, -0.195173], "max": [0.479196, 0.047427, 0.318289]}