{"min": [-0.94595, -0.963296, -0.097242], "max": [1.001948, 0.984601, 0.109861]}