{"min": [-0.274229, -0.810904, -0.601065], "max": [0.278877, 0.696113, 0.681081]}