{"min": [-0.723683, -0.54765, -0.578903], "max": [0.708366, 0.550218, 0.458151]}