{"min": [-0.598593, -0.802242, -0.615038], "max": [0.609192, 0.92491, 0.592747]}