{"min": [-0.515866, -0.737059, -0.501697], "max": [0.484492, 0.704947, 0.551872]}