{"min": [-0.525724, -0.464977, -0.599405], "max": [0.774281, 0.517906, 0.772954]}