{"min": [-0.516556, -0.713009, -0.53617], "max": [0.521303, 0.778912, 0.561054]}