{"min": [-1.008258, -1.003131, -0.06523], "max": [0.923397, 0.928524, 0.104063]}