{"min": [-0.4821, -0.889132, -0.487384], "max": [0.483203, 0.903574, 0.477919]}