{"min": [-0.41368, -0.78893, -0.27123], "max": [0.41042, 0.473366, 0.617507]}