{"min": [-0.235836, -0.682777, -0.270185], "max": [0.422331, 0.88512, 0.666421]}