{"min": [-0.15222, -0.766272, -0.222965], "max": [0.146532, 0.95933, 0.312966]}