{"min": [-0.740079, -0.741615, -0.221678], "max": [0.752554, 0.965838, 0.569909]}