{"min": [-0.807036, -0.76002, -0.136763], "max": [0.825602, 0.591129, 0.332386]}