{"min": [-0.567073, -0.847258, -0.400547], "max": [0.564644, 0.237438, 0.418972]}