{"min": [-0.526359, -0.734182, -0.535291], "max": [0.477317, 0.689324, 0.616572]}