{"min": [-0.191556, -0.958307, -0.279986], "max": [0.337067, 0.816875, 0.797787]}