{"min": [-0.379801, -0.321422, -0.694126], "max": [0.403612, 0.359904, 0.943767]}