{"min": [-0.180369, -0.788229, -0.316011], "max": [0.263861, 0.903256, 0.830142]}