{"min": [-0.961096, -1.007021, -0.036274], "max": [0.977248, 0.931323, 0.090176]}