{"min": [-0.717708, -0.875264, -0.714848], "max": [0.708776, 0.661278, 0.711636]}