{"min": [-0.944481, -0.424628, -0.313832], "max": [0.93136, 0.888577, 0.829334]}