{"min": [-0.341079, -0.287019, -0.486374], "max": [0.316374, 0.517702, 0.916191]}