{"min": [-0.986237, -0.998002, -0.05664], "max": [1.002763, 0.990998, 0.106191]}