{"min": [-1.031592, -0.029596, -0.387809], "max": [0.572037, 0.031676, 0.394106]}