{"min": [-0.899958, -0.375105, -0.279824], "max": [0.959453, 0.672851, 0.86891]}