{"min": [-0.229355, -0.969174, -0.236218], "max": [0.218292, 0.881104, 0.327289]}