{"min": [-0.62343, -0.1303, -0.721261], "max": [0.976994, 0.074133, 0.51062]}