{"min": [-0.209896, -0.955582, -0.412383], "max": [0.209672, 0.77622, 0.376476]}