{"min": [-1.009539, -0.027161, -0.390183], "max": [0.688757, 0.027617, 0.372015]}