{"min": [-0.535802, -0.86263, -0.50123], "max": [0.55351, 0.731817, 0.610043]}