{"min": [-0.986133, -0.993754, -0.085654], "max": [0.986849, 0.979228, 0.096688]}