{"min": [-0.34942, -0.92609, -0.229904], "max": [0.360494, 0.844613, 0.188573]}