{"min": [-0.622282, -0.715195, -0.728652], "max": [0.640892, 0.6311, 0.538852]}