{"min": [-0.601552, -0.562153, -0.601858], "max": [0.623749, 0.580385, 0.643629]}