{"min": [-0.79969, -0.524723, -0.626414], "max": [0.798715, 0.613161, 0.245926]}