{"min": [-0.446173, -0.842632, -0.326095], "max": [0.43153, 0.867723, 0.372157]}