{"min": [-0.937263, -0.083895, -0.387724], "max": [0.979442, 0.071091, 0.389661]}