{"min": [-0.599073, -0.458282, -0.215711], "max": [0.621617, 0.281318, 0.919496]}