{"min": [-1.016428, -0.007458, -0.422383], "max": [0.732616, 0.00634, 0.414379]}