{"min": [-0.323824, -0.899549, -0.365735], "max": [0.309989, 0.802357, 0.399669]}