{"min": [-1.012617, -0.020187, -0.338001], "max": [0.707616, 0.034682, 0.326077]}