{"min": [-1.01117, -0.027428, -0.281308], "max": [0.630764, 0.035938, 0.296127]}