{"min": [-0.603228, -0.705604, -0.593261], "max": [0.581115, 0.993976, 0.591082]}