{"min": [-0.60599, -0.32929, -0.760883], "max": [0.257396, 0.471263, 0.548734]}