{"min": [-0.583173, -0.755801, -0.49522], "max": [0.560409, 0.706313, 0.55959]}