{"min": [-0.527103, -0.740485, -0.504511], "max": [0.530008, 0.792326, 0.464507]}