{"min": [-0.844853, -0.938646, -0.340775], "max": [0.817045, 0.732515, 0.382955]}