{"min": [-0.715307, -0.170265, -0.457776], "max": [0.955957, 0.562618, 0.835136]}