{"min": [-0.833323, -0.480099, -0.193903], "max": [0.824161, 0.932133, 0.645937]}