{"min": [-0.520244, -0.749766, -0.503562], "max": [0.492465, 0.723287, 0.528592]}