{"min": [-0.74074, -0.611056, -0.40073], "max": [0.748449, 0.701058, 0.294937]}