{"min": [-0.095455, -0.88062, -0.223909], "max": [0.18433, 0.951616, 0.699512]}