{"min": [-0.207658, -0.459268, -0.331002], "max": [0.208741, 0.913495, 0.513498]}