{"min": [-0.245002, -0.737576, -0.548861], "max": [0.24849, 0.446806, 0.895726]}