{"min": [-1.057629, -0.06853, -0.520207], "max": [0.641801, 0.068366, 0.527737]}