{"min": [-0.698096, -0.820644, -0.535398], "max": [0.652795, 0.799353, 0.330467]}