{"min": [-0.673724, -0.808849, -0.663858], "max": [0.676178, 0.796092, 0.686044]}