{"min": [-1.023057, -0.030627, -0.329699], "max": [0.558616, 0.03135, 0.324046]}