{"min": [-0.399832, -0.922497, -0.060155], "max": [0.396886, 0.923558, 0.064624]}