{"min": [-0.946849, -0.325436, -0.13173], "max": [0.917461, 0.346331, 0.129179]}