{"min": [-0.525568, -0.799247, -0.461201], "max": [0.549137, 0.75279, 0.464864]}