{"min": [-0.674155, -0.029769, -0.237011], "max": [0.984188, 0.03908, 0.279312]}