{"min": [-0.949147, -0.909804, -0.159493], "max": [0.900349, 0.939692, 0.214798]}