{"min": [-0.913315, -0.077195, -0.33944], "max": [0.955768, 0.10832, 0.370055]}