{"min": [-1.007802, -0.06369, -0.451809], "max": [0.841624, 0.065401, 0.423617]}