{"min": [-1.015726, -0.09229, -0.468665], "max": [0.786027, 0.151516, 0.454018]}