{"min": [-0.546551, -0.926959, -0.525726], "max": [0.513689, 0.817921, 0.534514]}