{"min": [-0.514524, -0.696368, -0.527405], "max": [0.530042, 0.696386, 0.604208]}