{"min": [-0.514488, -0.73984, -0.316944], "max": [0.513622, 0.91498, 0.813748]}