{"min": [-0.315402, -0.53923, -0.357437], "max": [0.320208, 0.938071, 0.945784]}