{"min": [-1.008034, -0.022766, -0.329682], "max": [0.536252, 0.021492, 0.331487]}