{"min": [-0.632988, -0.809984, -0.346573], "max": [0.649062, 0.974246, 0.309884]}