{"min": [-0.105753, -0.963305, -0.280505], "max": [0.245225, 0.742717, 0.575734]}