{"min": [-1.000403, -0.037848, -0.341976], "max": [0.534091, 0.037852, 0.400815]}