{"min": [-0.453191, -0.026646, -0.925806], "max": [0.449943, 0.011296, 0.175378]}