{"min": [-1.001745, -0.034083, -0.383081], "max": [0.604435, 0.035369, 0.356667]}