{"min": [-0.800311, -0.597979, -0.774416], "max": [0.769929, 0.961046, 0.795824]}