{"min": [-1.054892, -0.072857, -0.304294], "max": [0.810183, 0.072253, 0.261154]}