{"min": [-0.623622, -0.191201, -0.555698], "max": [0.629324, 0.626639, 0.714572]}