{"min": [-0.575481, -0.843769, -0.068465], "max": [0.593194, 0.792377, 0.048403]}