{"min": [-0.65701, -0.237437, -0.528962], "max": [0.637674, 0.611167, 0.680355]}