{"min": [-1.016696, -0.021123, -0.297498], "max": [0.60238, 0.021764, 0.311282]}