{"min": [-0.17303, -0.95486, -0.301806], "max": [0.328, 0.727662, 0.859352]}