{"min": [-1.027349, -0.022162, -0.32649], "max": [0.601192, 0.032888, 0.296596]}