{"min": [-0.116614, -0.641356, -0.324481], "max": [0.119061, 0.909711, 0.514197]}