{"min": [-0.405195, -0.844654, -0.416377], "max": [0.401068, 0.831973, 0.415159]}