{"min": [-0.928726, -0.094974, -0.264728], "max": [0.977633, 0.104965, 0.291529]}