{"min": [-0.944292, -0.074547, -0.418535], "max": [0.937773, 0.022009, 0.432772]}