{"min": [-0.592971, -0.848756, -0.486001], "max": [0.477771, 0.699113, 0.487402]}