{"min": [-0.063293, -0.709305, -0.758455], "max": [0.061977, 0.220131, 1.009828]}