{"min": [-0.762527, -0.648303, -0.015142], "max": [0.765265, 0.65032, 0.049315]}