{"min": [-0.973781, -0.999311, -0.061566], "max": [0.986375, 0.960845, 0.093256]}