{"min": [-0.966269, -0.380509, -0.159739], "max": [0.955487, 1.009528, 0.172996]}