{"min": [-0.53172, -0.755991, -0.480864], "max": [0.505809, 0.751668, 0.50803]}