{"min": [-0.294536, -0.918002, -0.397353], "max": [0.293146, 0.497899, 0.405186]}