{"min": [-0.196552, -0.914923, -0.430088], "max": [0.378162, 0.865721, 0.817769]}