{"min": [-0.174021, -0.785182, -0.291416], "max": [0.246482, 0.677213, 0.843225]}