{"min": [-0.569787, -0.276095, -0.341909], "max": [0.583779, 0.839329, 0.657312]}