{"min": [-0.831425, -0.762804, -0.115509], "max": [0.817993, 0.775118, 0.116845]}