{"min": [-0.387447, -0.866539, -0.350223], "max": [0.43203, 0.886232, 0.36682]}