{"min": [-0.80224, -0.707056, -0.289511], "max": [0.798654, 0.624039, 0.277126]}