{"min": [-0.996191, -0.033302, -0.34295], "max": [0.518679, 0.033917, 0.333454]}