{"min": [-0.507543, -0.735254, -0.515015], "max": [0.513917, 0.731736, 0.582511]}