{"min": [-0.450482, -0.907134, -0.108473], "max": [0.447794, 0.74903, 0.119402]}