{"min": [-0.719883, -0.486868, -0.612024], "max": [0.715968, 0.502542, 0.647335]}