{"min": [-0.937614, -0.155451, -0.293101], "max": [0.950496, 0.15869, 0.299116]}