{"min": [-1.001101, -0.993932, -0.162325], "max": [0.993303, 1.000472, 0.098847]}