{"min": [-0.988415, -0.080246, -0.856932], "max": [0.999728, 0.043699, 0.349801]}