{"min": [-0.707789, -0.453325, -0.462204], "max": [0.701422, 0.601148, 0.537767]}