{"min": [-1.005918, -0.016911, -0.632553], "max": [0.625156, 0.016589, 0.492201]}