{"min": [-0.928681, -0.448979, -0.079373], "max": [0.892586, 0.421856, 0.084985]}