{"min": [-0.585005, -0.931406, -0.569647], "max": [0.561591, 0.832712, 0.575492]}