{"min": [-0.234744, -0.742743, -0.602456], "max": [0.235294, 0.895986, 0.985376]}