{"min": [-1.000254, -0.996226, -0.128964], "max": [0.997762, 0.992845, 0.154594]}