{"min": [-0.467791, -0.421395, -0.442802], "max": [0.434693, 0.925563, 0.459682]}