{"min": [-0.343196, -0.888101, -0.308395], "max": [0.367917, 0.916216, 0.3445]}