{"min": [-0.265981, -0.854221, -0.414059], "max": [0.259364, 0.77304, 1.018768]}