{"min": [-0.716465, -0.432396, -0.41763], "max": [0.685538, 0.759223, 0.425576]}