{"min": [-0.180479, -0.642185, -0.561908], "max": [0.184843, 0.96324, 0.790976]}