{"min": [-0.893988, -0.076316, -0.334937], "max": [0.408474, 0.078015, 0.477886]}