{"min": [-0.982902, -0.977894, -0.126842], "max": [0.99084, 1.00086, 0.155245]}