{"min": [-0.873522, -0.475777, -0.348267], "max": [0.88745, 0.59272, 0.97375]}