{"min": [-0.617783, -0.612035, -0.600698], "max": [0.599446, 0.606268, 0.59326]}