{"min": [-0.161553, -0.622919, -0.389158], "max": [0.158838, 0.828723, 0.768179]}