{"min": [-0.506453, -0.751249, -0.542188], "max": [0.515928, 0.697124, 0.549416]}