{"min": [-0.379777, -0.174098, -0.764689], "max": [0.857655, 0.111959, 0.609849]}