{"min": [-0.538427, -0.808136, -0.504494], "max": [0.542966, 0.775536, 0.575335]}