{"min": [-0.452998, -0.874068, -0.617451], "max": [0.433816, 0.671301, 0.48034]}