{"min": [-0.959169, -0.039228, -0.26726], "max": [0.977149, 0.025081, 0.265338]}