{"min": [-0.395385, -0.811316, -0.494306], "max": [0.40451, 0.748029, 0.620154]}