{"min": [-0.423248, -0.862062, -0.286175], "max": [0.478724, 0.939198, 0.277557]}