{"min": [-0.631433, -0.201672, -0.514777], "max": [0.631475, 0.608705, 0.680803]}