{"min": [-0.155131, -0.403249, -0.5925], "max": [0.161891, 0.498567, 0.965023]}