{"min": [-0.935356, -0.084917, -0.405627], "max": [0.94237, 0.100195, 0.400417]}