{"min": [-0.152566, -0.350498, -0.949249], "max": [0.151384, 0.35608, 0.332313]}