{"min": [-0.858451, -0.390954, -0.316943], "max": [0.905903, 0.596245, 0.54423]}