{"min": [-0.283974, -0.757497, -0.473767], "max": [0.321565, 0.64787, 0.935165]}