{"min": [-0.487671, -0.709438, -0.53242], "max": [0.534663, 0.772947, 0.48821]}