{"min": [-0.751724, -0.64105, -0.334798], "max": [0.78073, 0.730488, 0.319049]}