{"min": [-0.320073, -0.952222, -0.067775], "max": [0.315658, 0.909563, 0.07867]}