{"min": [-0.945746, -0.812836, -0.952337], "max": [0.918551, 0.760859, 0.91196]}