{"min": [-0.221803, -0.843482, -0.471494], "max": [0.536174, 0.796809, 0.313003]}