{"min": [-0.79963, -0.673477, -0.306777], "max": [0.782132, 0.627457, 0.289193]}