{"min": [-0.355369, -0.800282, -0.355136], "max": [0.336585, 0.991705, 0.336818]}