{"min": [-0.117631, -0.797307, -0.405198], "max": [0.118194, 0.955117, 0.838449]}