{"min": [-0.51297, -0.699185, -0.529257], "max": [0.521242, 0.766211, 0.609321]}