{"min": [-0.807214, -0.783491, -0.802152], "max": [0.794522, 0.835064, 0.799584]}