{"min": [-0.908656, -0.04583, -0.382549], "max": [0.946666, 0.013007, 0.368901]}