{"min": [-0.941514, -0.954853, -0.014856], "max": [0.997443, 0.984104, 0.063175]}