{"min": [-0.757997, -0.734523, -0.108471], "max": [0.705982, 0.72949, 0.092858]}