{"min": [-0.995338, -0.009691, -0.658523], "max": [0.642987, 0.028929, 0.645719]}