{"min": [-1.026958, -0.327877, -0.234535], "max": [1.001308, 0.567737, 0.674111]}