{"min": [-0.902361, -0.034206, -0.373798], "max": [0.931089, 0.040963, 0.417736]}