{"min": [-0.987745, -0.969284, -0.10683], "max": [0.981958, 1.000419, 0.108724]}