{"min": [-0.501805, -0.716305, -0.510764], "max": [0.502474, 0.72601, 0.568301]}