{"min": [-0.959342, -0.048853, -0.351845], "max": [0.919324, 0.073759, 0.372079]}