{"min": [-0.494255, -0.829773, -0.504347], "max": [0.510375, 0.726578, 0.486842]}