{"min": [-0.532884, -0.861871, -0.376195], "max": [0.528972, 0.921529, 0.203389]}