{"min": [-0.15432, -0.970053, -0.23706], "max": [0.149734, 0.569857, 0.284435]}