{"min": [-0.631727, -0.794432, -0.628347], "max": [0.644823, 0.919496, 0.648204]}