{"min": [-0.26217, -0.749723, -0.262932], "max": [0.269338, 0.996661, 0.268576]}