{"min": [-0.288943, -0.779211, -0.569678], "max": [0.289481, 1.021208, 0.967222]}