{"min": [-0.985421, -0.196471, -0.366206], "max": [1.001611, 0.119061, 0.853894]}