{"min": [-0.785254, -0.299318, -0.620217], "max": [0.839779, 0.041612, 0.530906]}