{"min": [-0.716271, -0.682244, -0.09107], "max": [0.683687, 0.717714, 0.094219]}