{"min": [-0.308636, -0.835604, -0.351991], "max": [0.462873, 0.911716, 0.817]}