{"min": [-0.756561, -0.166591, -0.249982], "max": [0.69824, 0.169132, 0.99779]}