{"min": [-0.29674, -0.715895, -0.614784], "max": [0.294458, 0.639075, 0.994298]}