{"min": [-0.948752, -0.060979, -0.337133], "max": [0.923513, 0.082086, 0.367282]}