{"min": [-0.822829, -0.596169, -0.488828], "max": [0.826492, 0.61551, 0.216349]}