{"min": [-0.979255, -1.002029, -0.013511], "max": [0.988952, 0.966177, 0.026597]}