{"min": [-0.88699, -0.017367, -0.396582], "max": [1.053789, 0.018552, 0.280381]}