{"min": [-0.548213, -0.872777, -0.549944], "max": [0.564127, 0.865253, 0.562396]}