{"min": [-0.643833, -0.747162, -0.670187], "max": [0.65498, 0.874974, 0.598918]}