{"min": [-0.569769, -0.776453, -0.436353], "max": [0.581213, 0.919219, 0.689161]}