{"min": [-0.934093, -0.746628, -0.188921], "max": [0.928388, 0.512052, 0.127807]}