{"min": [-1.000588, -0.038778, -0.367153], "max": [0.791678, 0.049815, 0.378837]}