{"min": [-0.288615, -0.871997, -0.619359], "max": [0.285084, 0.971976, 0.532352]}