{"min": [-0.45082, -0.785097, -0.446948], "max": [0.484233, 0.727851, 0.469256]}