{"min": [-0.491785, -0.738753, -0.51738], "max": [0.534282, 0.734855, 0.585097]}