{"min": [-1.023137, -0.025825, -0.622894], "max": [0.613725, 0.029327, 0.677261]}