{"min": [-0.231807, -0.662083, -0.215436], "max": [0.1309, 0.633024, 0.77697]}