{"min": [-0.725239, -0.76126, -0.041655], "max": [0.71342, 0.744313, 0.042515]}