{"min": [-0.56545, -0.885178, -0.513141], "max": [0.533367, 0.770002, 0.493587]}