{"min": [-0.495355, -0.812695, -0.448759], "max": [0.511727, 0.83525, 0.532595]}