{"min": [-1.014844, -0.026499, -0.271875], "max": [0.50023, 0.028266, 0.230778]}