{"min": [-0.26734, -0.936101, -0.266654], "max": [0.294115, 0.9167, 0.308775]}