{"min": [-0.473223, -0.925872, -0.457461], "max": [0.445074, 0.834197, 0.460836]}