{"min": [-0.564642, -0.899873, -0.574938], "max": [0.568985, 0.772348, 0.55869]}