{"min": [-0.757891, -0.424751, -0.503107], "max": [0.788963, 0.401391, 0.55463]}