{"min": [-0.342371, -0.939268, -0.11343], "max": [0.339325, 0.935396, 0.091368]}