{"min": [-0.412694, -0.915916, -0.077471], "max": [0.397413, 0.849804, 0.079304]}