{"min": [-0.564099, -0.044326, -0.955755], "max": [0.808598, 0.042667, 0.240498]}