{"min": [-1.008598, -0.035636, -0.268228], "max": [0.565767, 0.037921, 0.227797]}