{"min": [-0.744517, -0.872719, -0.684445], "max": [0.774377, 0.624413, 0.589337]}