{"min": [-0.402816, -0.783507, -0.553464], "max": [0.430232, 0.807596, 0.616737]}