{"min": [-0.127088, -0.586488, -0.258087], "max": [0.143517, 0.993777, 0.247901]}