{"min": [-0.792395, -0.616539, -0.748492], "max": [0.738389, 0.572666, 0.782292]}