{"min": [-0.481753, -0.723604, -0.334122], "max": [0.468612, 0.945341, 0.774166]}