{"min": [-0.966549, -0.054752, -0.242889], "max": [0.962968, 0.109618, 0.29265]}