{"min": [-0.80406, -0.641733, -0.30351], "max": [0.807439, 0.610509, 0.27217]}