{"min": [-0.387296, -0.955528, -0.406977], "max": [0.418594, 0.982996, 0.397954]}