{"min": [-0.944656, -0.077791, -0.84989], "max": [0.967788, 0.042855, 0.28118]}