{"min": [-0.131514, -0.766, -0.610274], "max": [0.190787, 0.639575, 0.779463]}