{"min": [-0.929027, -0.067682, -0.240841], "max": [0.970315, 0.089837, 0.25464]}