{"min": [-0.902745, -0.463252, -0.031331], "max": [0.911024, 0.493512, 0.032151]}