{"min": [-0.430777, -0.803225, -0.438816], "max": [0.54872, 0.847768, 0.283643]}