{"min": [-0.76557, -0.62461, -0.230055], "max": [0.842787, 0.685028, 0.362085]}