{"min": [-0.220135, -0.35575, -0.36383], "max": [0.210798, 0.738251, 0.731897]}