{"min": [-0.624158, -0.788997, -0.431776], "max": [0.605661, 0.754586, 0.697645]}