{"min": [-0.385609, -0.784591, -0.603403], "max": [0.361995, 0.678357, 0.438003]}