{"min": [-0.38473, -0.878888, -0.288705], "max": [0.354749, 0.885368, 0.33108]}