{"min": [-0.564895, -0.209417, -0.621504], "max": [0.548701, 0.650609, 0.800137]}