{"min": [-0.458168, -0.816715, -0.402683], "max": [0.457467, 0.778876, 0.594886]}