{"min": [-0.327439, -0.733518, -0.593101], "max": [0.324616, 0.749907, 0.667539]}