{"min": [-0.900077, -0.057763, -0.324791], "max": [0.944006, 0.091902, 0.349816]}