{"min": [-0.773224, -0.224078, -0.221963], "max": [0.749207, 0.624776, 0.638825]}