{"min": [-0.940124, -0.063638, -0.392138], "max": [0.898402, 0.05585, 0.461163]}