{"min": [-0.622354, -0.132132, -0.715358], "max": [0.972567, 0.085332, 0.511479]}