{"min": [-0.144351, -0.981783, -0.195143], "max": [0.140384, 0.770631, 0.594349]}