{"min": [-0.217613, -0.899285, -0.395577], "max": [0.439312, 0.933209, 0.863049]}