{"min": [-0.188578, -0.558548, -0.862705], "max": [0.188812, 0.67845, 0.452698]}