{"min": [-1.003336, -0.036634, -0.302313], "max": [0.474467, 0.038195, 0.303831]}