{"min": [-0.822402, -0.56945, -0.080563], "max": [0.854662, 0.572347, 0.095528]}