{"min": [-0.309679, -0.948992, -0.340368], "max": [0.328095, 0.799573, 0.317603]}