{"min": [-0.966746, -0.056178, -0.241446], "max": [0.972206, 0.119728, 0.287359]}