{"min": [-0.56855, -0.799567, -0.192243], "max": [0.543525, 0.828214, 0.227376]}