{"min": [-1.037751, -0.015887, -0.438973], "max": [0.664642, 0.038057, 0.416634]}