{"min": [-0.308135, -0.703625, -0.299151], "max": [0.293981, 0.966583, 0.354519]}