{"min": [-0.129359, -0.785005, -0.44969], "max": [0.12768, 0.766486, 0.827284]}