{"min": [-0.247061, -0.778973, -0.800275], "max": [0.244548, 0.70206, 0.747935]}