{"min": [-0.746045, -0.666104, -0.374529], "max": [0.73618, 0.686827, 0.118729]}