{"min": [-0.767941, -0.680415, -0.243935], "max": [0.776727, 0.654482, 0.192854]}