{"min": [-0.407379, -0.810254, -0.547391], "max": [0.414497, 0.777461, 0.562698]}