{"min": [-0.995131, -0.99566, -0.07486], "max": [0.981443, 0.980914, 0.117263]}