{"min": [-0.697562, -0.869313, -0.251078], "max": [0.663708, 0.896338, 0.24663]}