{"min": [-0.948292, -0.029282, -0.658145], "max": [0.623851, 0.037689, 0.602346]}