{"min": [-0.937444, -0.919376, -0.046955], "max": [0.870134, 0.888202, 0.084776]}