{"min": [-0.524303, -0.752408, -0.549013], "max": [0.527593, 0.758293, 0.581215]}