{"min": [-0.512021, -0.806978, -0.514107], "max": [0.499629, 0.643048, 0.506558]}