{"min": [-0.51911, -0.705669, -0.519822], "max": [0.494577, 0.739362, 0.611309]}