{"min": [-0.195809, -0.676592, -0.480037], "max": [0.193704, 0.775255, 0.732885]}