{"min": [-0.781906, -0.479871, -0.149196], "max": [0.806099, 0.661345, 0.33107]}