{"min": [-0.231955, -0.769867, -0.727104], "max": [0.237321, 0.925522, 0.770136]}