{"min": [-0.702056, -0.276954, -0.725731], "max": [0.692318, 0.813119, 0.764994]}