{"min": [-0.987343, -0.038547, -0.263754], "max": [0.948898, 0.02576, 0.268824]}