{"min": [-0.65894, -0.512265, -0.654663], "max": [0.656163, 0.539869, 0.72034]}