{"min": [-0.800606, -0.868878, -0.780631], "max": [0.746013, 0.802134, 0.765988]}