{"min": [-0.927919, -0.393575, -0.219167], "max": [0.941557, 0.820817, 0.578805]}