{"min": [-0.32178, -0.817019, -0.351849], "max": [0.174899, 0.907523, 0.819893]}