{"min": [-0.302777, -0.752245, -0.520387], "max": [0.315392, 0.86722, 0.828891]}