{"min": [-0.379869, -0.54308, -0.495721], "max": [0.38659, 0.526556, 0.982214]}