{"min": [-0.175401, -0.704985, -0.303321], "max": [0.173591, 0.744533, 0.833701]}