{"min": [-0.223771, -0.43723, -0.905076], "max": [0.228875, 0.353468, 0.422145]}