{"min": [-1.029731, -0.027657, -0.441361], "max": [0.893289, 0.047974, 0.385725]}