{"min": [-0.456414, -0.027278, -0.93734], "max": [0.444515, 0.010572, 0.161156]}