{"min": [-0.137345, -0.896446, -0.263362], "max": [0.136923, 0.648995, 0.916686]}