{"min": [-0.512611, -0.94425, -0.273674], "max": [0.520176, 0.612659, 0.188665]}